name,gender,street,city,securityText,university,marriage,veteran,age,securityNumber,pay,children,streetNumber,id,birthday,anniversary,drop
Aaron Robertson,Male,Calypso,Yueyang,4652293934568,Lailunggi,false,true,97,6302969261352,1205006,2,687,48307160,1952/04/15,1940/06/13,Crimson
Steve Weaver,Male,Lunder,Miřetice,6877628262662,Postmasburg,false,true,88,9091375777975,9108485,6,82652,37735338,1976/06/13,1943/08/13,Indigo
Peter Andrews,Male,Ridgeway,Batur Kidul,9747027917079,Ngepoh Kidul,false,true,72,3746693421785,3723626,6,65528,28121174,1976/11/19,1977/01/20,Violet
Jose Moore,Male,Hazelcrest,El Llano,6568679687610,Atbasar,false,false,13,7568824846783,6983427,4,972,84918522,1985/05/01,1950/01/11,Fuscia
Antonio Riley,Male,Clove,Pácora,7544044382613,Míthymna,true,true,43,4338290533510,1046807,4,35,88664396,2001/05/12,1932/02/29,Khaki
Frances Hunt,Female,Caliangt,Francisco I Madero,4369725742211,Sokolniki,true,true,81,8953486939789,6639983,10,93,52622312,1933/04/09,1960/10/07,Mauv
Anthony Cunningham,Male,Springs,Ilongero,5877686279747,Lanyang,false,true,50,9354456193816,4196907,9,75,56128628,1942/01/07,1972/12/16,Red
Steven Grant,Male,Longview,Yongjiang,4800776221009,Punat,false,true,78,4251490247977,9440743,3,1,45797477,1969/10/05,2008/01/20,Turquoise
Dennis Roberts,Male,Montana,Renhe,7062601438480,Koh Tao,false,false,79,4258770823348,1612252,9,5895,10328992,1951/03/29,1946/04/17,Turquoise
Kathryn Taylor,Female,Gerald,Kananga,7044779540337,Andrijaševci,false,true,85,3630453472503,8418499,9,7,31111473,1987/05/20,1956/11/10,Mauv
Arthur Hill,Male,Valley Edge,Wucheng,9495621871754,Paucarbamba,false,true,59,6135185640200,9461980,7,3788,16998972,2013/04/23,1963/05/03,Yellow
Phillip Smith,Male,Lerdahl,Panggungsari,6052297955144,Zaragoza,true,true,91,9804822542247,7099451,10,464,66839939,1977/01/05,1933/12/17,Teal
Jessica Watkins,Female,Vermont,Sedlice,5943064909913,Youyun,false,true,85,4111427279332,5727124,7,445,22131288,2003/07/08,1999/12/03,Purple
Justin Shaw,Male,Hagan,Calvinia,9088821511359,Kurumoch,true,true,10,4744432839267,2387303,1,0,74709078,1942/01/25,2006/07/11,Purple
Denise Cruz,Female,Nobel,Dabachang,9164402646910,Náfplio,false,false,16,6348239249471,6208417,2,35666,60211009,1930/12/21,1985/02/17,Red
Larry Grant,Male,Crest Line,Ituberá,6682305940503,Qinling Jieban,true,true,72,3230520260965,3689007,10,0382,35223615,1975/11/28,1970/06/23,Mauv
Doris Banks,Female,Westend,Milíkov,4413827517021,Pinhal General,false,true,72,3420427477776,4859944,8,75869,94109970,1987/04/08,1978/09/01,Maroon
Doris Cunningham,Female,Butterfield,Guacarí,6407929210779,Falkenberg,true,true,32,7322024291876,2168131,4,6597,53483641,1955/07/13,2008/08/21,Blue
Mildred Lawrence,Female,Brentwood,Khun Han,7244033461852,Ruo,true,false,43,4335403546392,8054310,7,129,33903212,1943/10/20,1972/06/21,Khaki
Ralph Reid,Male,Mockingbird,Puning,4209995609256,Novyye Kuz’minki,true,false,18,6951954859882,4346355,8,54,53801465,1952/06/02,1937/09/19,Crimson
Keith Hamilton,Male,Green,Kargowa,9142932153340,Ljungby,true,true,44,3637783320699,1181445,7,27622,40989154,1943/03/28,1945/05/07,Aquamarine
Kevin Henderson,Male,Esch,Montalvão,9056005914104,Miguelópolis,false,false,56,7395562988414,9768398,7,590,70392623,1966/04/19,2009/11/12,Orange
Elizabeth Tucker,Female,Spaight,Karmah an Nuzul,6816515115107,Bergen,true,true,30,4320567245977,2067021,5,13291,67688911,1964/09/01,1936/11/07,Khaki
Lois Sims,Female,Bartillon,Toledo,9667094235234,Mirabel,false,false,27,5983505845773,2897202,3,685,60006116,2014/12/15,1985/08/02,Goldenrod
Anna Hill,Female,Saint Paul,Dibba Al-Hisn,7541183981161,Toledo,false,false,70,3476330165641,9036226,10,61,72946898,1938/01/17,1931/06/02,Green
Melissa Webb,Female,Bluestem,Dahay,9516701160582,Hetai,false,false,94,4565814339958,3851447,5,97,85151298,1996/08/04,1982/03/15,Fuscia
Christine Tucker,Female,Cherokee,Dubinino,8413049047203,Bilalang,true,true,47,6926006846889,9108947,4,228,82528537,1970/10/12,1971/02/26,Pink
Joe Schmidt,Male,Thompson,Prado,7104845783579,Bijaepasu,true,false,20,8478702047579,9185859,5,90549,23484871,1939/09/08,1980/01/25,Aquamarine
Frank Stewart,Male,Dixon,Tall Abyaḑ,8537940446920,Zoushi,false,false,57,5158770799148,3812617,3,429,69333156,1936/09/24,1996/05/15,Violet
Nancy Weaver,Female,Jay,Ameixoeira,4137883994391,Zelenodolsk,false,true,83,4730189919032,7046124,9,39,32352938,2013/10/09,1983/07/07,Crimson
Norma Carter,Female,Waxwing,Hongor,4838068254823,Talisayan,true,true,38,5643155458196,2235230,9,15693,68417261,1965/11/18,1946/03/09,Fuscia
Joan Coleman,Female,Amoth,Täby,9492516253671,Biloxi,true,true,68,7103051892163,2906363,2,5,12538347,1988/08/31,1979/04/10,Goldenrod
Sandra Stewart,Female,Hermina,Houba,4301010510785,Xiaoshanzi,false,false,5,6414399526240,1173855,6,927,25825109,1973/12/03,1975/07/25,Indigo
Michelle Reed,Female,Florence,Matwaḩ,5906949280892,Wufeng,true,false,91,5226045982867,8617466,4,3,53534964,1991/03/29,2009/09/13,Green
Carolyn Garza,Female,Stuart,Almafuerte,6447655648093,Älvsbyn,true,false,76,7026911823839,9615233,3,5889,76973373,1943/03/31,2002/11/22,Yellow
Wanda Robertson,Female,Colorado,West Palm Beach,7010213128278,Toutai,false,true,49,9550035495014,3965225,1,8693,83178601,1931/09/17,1964/04/30,Purple
Jonathan Lawson,Male,Cordelia,N’dalatando,7730444784671,Providencia,false,true,91,9611394824674,6073118,6,238,53221651,1939/04/07,1966/07/18,Blue
Michelle Ross,Female,Southridge,Hacıqabul,5038005699954,Ciawi,false,true,70,7209612745250,9291125,4,2,93045141,1982/07/30,1978/03/04,Puce
Wayne Snyder,Male,David,Salcedo,4982216501569,Suruhan,false,false,58,7221034362255,2063659,1,93734,52814179,1945/10/11,1954/10/11,Red
Philip Owens,Male,Lighthouse Bay,Magbay,5035136697383,Camagüey,false,true,67,5562536232298,8505847,10,5324,42325692,1977/05/28,2000/05/29,Green
Angela Diaz,Female,Declaration,Misungwi,8222079354091,Liucheng,false,true,58,9717876459441,8580899,8,830,95572202,2012/05/09,1960/01/31,Khaki
Diane Dixon,Female,Debs,Zhongwei,5569865395247,Waigete,true,false,88,8697207761662,8006747,10,289,85551567,2013/07/22,1965/01/15,Pink
Jose Boyd,Male,Mandrake,Maukaro,8160263317124,Hrvatini,true,false,77,8766457837599,9508819,1,8,73722246,1998/03/23,2001/02/09,Yellow
Keith Knight,Male,Alpine,Iţsā,8672711376582,Koani Ndogo,true,true,7,6347581499643,6257582,7,2520,18008218,2007/07/14,1946/10/10,Pink
Jason Burke,Male,Messerschmidt,Sololá,9044193564751,Korczyna,false,false,60,6140088506552,9304337,9,8,34293422,2015/08/28,1978/04/22,Fuscia
Laura Myers,Female,Homewood,Sidamulya Satu,7508558298301,Banaybanay,true,true,28,5968832945969,6529569,9,810,75916807,2006/03/19,1955/03/04,Orange
Eugene Williams,Male,Chive,Uzlovaya,8919065160908,Xiakouyi,true,false,81,5728799263374,4417736,10,47,34306781,2005/03/23,1973/11/18,Indigo
Bobby Moore,Male,Schiller,Chenqing,8569868431900,Taldykorgan,true,false,49,9196526535362,1562901,4,6082,94301673,1958/09/21,2013/02/24,Yellow
Harold Long,Male,Kenwood,Banxi,6131589727930,Houndé,true,true,10,5129394332386,4320674,8,2456,80851717,1963/05/14,1951/12/27,Crimson
Chris Grant,Male,Pepper Wood,Dongbian,8664501204278,Dehui,true,false,7,3614374034871,1911719,5,1585,43623984,1964/11/29,1996/01/18,Aquamarine
Bruce Jacobs,Male,Lake View,Baimajing,9227470719072,Bom Jesus da Lapa,false,false,19,5594511101748,6171747,10,8,90056939,1964/05/05,1986/11/06,Blue
Albert Hart,Male,Dexter,Dzüünkharaa,8967842696736,Maikawada,false,false,92,9393140065310,5472511,9,99,57351298,1946/12/11,2002/06/07,Yellow
Nicole Anderson,Female,Butternut,Bugembe,5490080748908,Al Farwānīyah,true,true,15,8315832826506,4775756,1,32,97352594,1950/12/01,1931/11/04,Turquoise
Ruth Cook,Female,Bellgrove,Amieira do Tejo,8939245967331,Apiaí,true,true,34,9844518401479,5243930,3,72722,36999038,1962/11/08,1997/06/04,Teal
Stephen Hamilton,Male,Fair Oaks,Elx/Elche,7470307782551,Dadian,false,true,82,4228685595889,8993004,9,664,12866401,2006/02/14,2005/08/15,Goldenrod
Stephen Carpenter,Male,Almo,Novokhovrino,4941271674059,Alibago,false,true,89,5195614731391,5906289,6,6932,45711753,1958/06/29,1994/03/29,Red
Tina Fuller,Female,Browning,Vale de Mendiz,5434797800759,Emiliano Zapata,true,false,99,4958556257928,4445672,6,85534,77197039,1968/07/25,2013/10/23,Blue
Fred Harper,Male,Tennessee,Powidz,6117245840450,Pio Duran,true,false,74,9907458739465,5122499,6,581,87297472,1951/07/13,1967/11/17,Crimson
Joan Holmes,Female,Mandrake,Rashaant,6612946586523,Heshui,true,false,57,7565432775741,2298628,8,4,39430872,1972/02/06,1993/09/11,Red
Frances Hanson,Female,Kinsman,Runaway Bay,7508747433313,Mílos,false,false,11,4345576250948,3865787,7,988,20613835,1988/06/21,1983/07/13,Pink
Diane Banks,Female,Kipling,Mboto,8847313675704,Dolores,true,true,17,5310130694168,7423157,10,36,34074933,2005/12/30,1945/03/16,Teal
Heather Williamson,Female,Oak Valley,Taungdwingyi,7697956790450,Karbinci,true,false,45,9803323033650,9337901,8,7,15510531,1979/06/18,1984/12/22,Fuscia
Jonathan Bennett,Male,Northview,Pieniężno,9461275409614,São Sebastião,false,false,52,4849560902033,4008626,10,8931,64439578,1988/01/07,1972/08/02,Orange
Timothy Lopez,Male,Old Gate,Kembang,7434076809055,Cayambe,true,false,58,9589717041876,3192639,8,38992,24230642,1993/02/23,1973/09/28,Mauv
Janet Fields,Female,Sheridan,Wawa,4035295840152,Iwaki,true,false,11,7153710102375,1122608,3,1132,70001435,2003/06/18,1970/01/13,Maroon
Earl Kelly,Male,Butternut,Chenghe,6417511086659,Sandakan,false,false,61,6357388410315,8317951,4,59,75460350,1976/10/17,1970/07/31,Orange
Betty Porter,Female,Moland,Da’an,5151092602915,São Lourenço de Mamporcão,false,true,36,6700834542607,3416671,5,47991,91132993,1966/11/08,1965/07/06,Pink
Patrick Gibson,Male,Kim,Graikochóri,8295477898746,Bayt Ta‘mar,true,false,63,5643166164066,3134533,4,30,31945111,1974/05/13,1943/01/11,Red
Debra Miller,Female,Waxwing,Finzes,5871569187001,Caijiapu,false,false,7,8152419901253,3392843,8,646,47802483,1959/04/09,2012/05/07,Crimson
Bobby Arnold,Male,Sage,Abastumani,9475406115877,Gul’cha,true,false,12,5922062335292,2848030,10,3,46155141,1964/09/13,1983/08/12,Pink
Jeffrey Austin,Male,Sage,Gilin,4235140415208,La Escondida,true,true,10,6269151415541,1360991,9,1391,12069315,1957/12/02,1996/04/02,Blue
Bobby Evans,Male,Annamark,Bucu Lor,5255977879111,Duluth,true,false,43,8644248054696,6008579,10,92,50808200,1999/10/12,1989/05/27,Violet
James Hernandez,Male,Shelley,Aibura,5198484152046,Hongyang,true,false,50,9232170073647,7408013,3,168,48402731,2016/02/13,1969/05/30,Red
Sharon George,Female,Nova,Ibara,9443443748531,São José,false,true,63,7592033562491,7217219,2,535,98558876,2000/10/26,2002/12/17,Maroon
Terry Richardson,Male,Farwell,Gradishtë,9635713884394,Oslo,true,true,53,5441077087680,3054539,7,20,91398243,2008/05/26,1998/10/27,Pink
Nicole Wagner,Female,Union,Tulaghi,8880321509948,Zhushan,true,false,53,4872605916745,4740684,1,3,54150928,1944/07/08,1994/07/31,Puce
Frances Mendoza,Female,Westend,Hingatungan,9504915257084,Launceston,false,false,12,8694734585400,9279198,3,8,85954170,1968/07/07,1995/02/10,Teal
Stephanie Phillips,Female,Hazelcrest,José Bonifácio,4420049457602,Paiçandu,false,false,96,8153757673872,8153865,3,5993,57799455,1942/01/12,1997/03/01,Red
Diane Bailey,Female,Esch,Ålesund,9535384334636,Silago,false,false,6,8344402785125,4040357,1,0,54506958,1993/08/24,1993/12/21,Mauv
Andrea Ryan,Female,Main,Beaufort West,6579414260852,Dalaba,true,true,96,3507499817262,6175266,4,2021,56261669,1939/09/15,1967/10/05,Puce
Lillian Robertson,Female,Boyd,Rakai,6724963210442,Pushkino,true,false,18,4646778548859,2380862,4,3524,34242839,1946/07/08,2011/01/15,Maroon
Elizabeth Perry,Female,Truax,Sanli,7836004513832,Danderyd,true,false,61,8618633092693,5547609,6,72222,84145873,2003/07/22,1958/06/12,Orange
Carl Moreno,Male,Veith,Daleman,9286027543230,Carmo do Paranaíba,true,false,82,7222748868634,5455411,2,35223,45229054,1996/06/08,1989/08/18,Purple
Eugene Reyes,Male,Morrow,Kairouan,9873669804871,Alcains,true,true,24,9300760300805,7071440,3,2474,27322195,1969/06/06,1985/10/20,Teal
Anthony Morrison,Male,Talisman,San Jose,4076281550441,Munduk,true,false,90,9439575874886,7950084,9,24289,20739632,1949/11/27,1959/11/26,Blue
Melissa Howard,Female,Mccormick,Chã,6281606864381,Jaru,false,true,78,4803881085495,6918326,8,1,85212554,1964/07/16,1991/11/17,Mauv
Catherine Lee,Female,Karstens,Yenangyaung,9502491579639,Karakulino,false,false,17,7326322096179,1841815,7,95768,58823485,1974/09/16,1985/05/23,Mauv
Jesse Franklin,Male,Trailsway,Potikosin,6966962244331,Panambi,true,false,66,3230040182407,3344447,7,8637,75925585,1959/08/30,2012/05/09,Green
Jennifer Holmes,Female,Hoepker,Xiexiong,4082848954710,Gostagayevskaya,false,false,60,7942982677367,6483141,5,6185,85848237,1942/09/11,1962/10/14,Crimson
Lois Carroll,Female,Shopko,Nicola Town,9557820983107,Lago da Pedra,true,true,68,5485058302717,8540429,1,9,93202887,1972/06/13,1985/02/14,Puce
Virginia Fernandez,Female,Westport,Çlirim,9641590620569,Falun,false,false,78,8052995606091,8272134,8,688,38418178,2010/01/20,1969/05/15,Turquoise
Norma Mcdonald,Female,Golf Course,Xi’an,5225207010470,Chang’an,true,true,66,8431094518451,2688131,1,999,75536835,1932/05/06,2000/08/18,Crimson
Scott Gonzalez,Male,Prairieview,Kaniów,6432117093163,Ongkharak,true,true,27,4083261355435,2392754,9,36,31095392,1944/05/01,1965/05/27,Blue
Jane Henry,Female,Daystar,Reserva,6723931605183,Borāzjān,true,true,36,6051324766960,7751961,8,2,47626698,1945/10/01,1964/11/14,Red
Joan Dunn,Female,Melby,Perelhal,9502789854821,Farīmān,false,false,38,9081608083670,7836338,3,37685,23892728,1981/04/24,1993/08/26,Blue
Frank Scott,Male,Briar Crest,Maceo,6606016692249,Al Qanāyāt,false,true,3,3671396361185,2271330,8,04,35789655,1950/05/25,1945/09/16,Yellow
Paul Meyer,Male,Old Gate,Ferreira do Zêzere,6346874126133,Bronx,true,false,57,6216048149721,8173716,9,8,68202832,2013/03/07,1961/05/11,Indigo
Clarence Turner,Male,Orin,Kalvola,4882591983567,Zhongzhai,true,false,95,4683376194606,7682932,2,751,44673205,1969/07/10,1954/04/18,Indigo
Jonathan Garcia,Male,Loftsgordon,Cabeço,4348386205825,Quinta do Sobrado,false,false,58,5739211105209,8650227,2,7,24211143,1956/01/01,1966/05/01,Orange
Christina Hawkins,Female,Debra,Zarqa,8793254235178,Vuka,true,true,65,3784412607874,1105142,7,8995,39050094,1950/06/26,1977/05/28,Pink
Lillian Johnson,Female,Crowley,Panalanoy,4326506930164,Dřiteň,false,false,85,3052925610495,1256546,10,9692,83626187,1973/02/21,2013/01/30,Blue
Raymond Ryan,Male,Bonner,Novo,9535273495847,Gagah,false,true,57,7711625484624,6462197,3,1,22893313,1967/07/13,1971/05/30,Orange
Antonio Garza,Male,Hayes,Tokuyama,9416090354753,Bila Tserkva,false,false,51,8526800590511,5773971,10,10,28624817,1989/11/19,2016/06/20,Green
Linda Ferguson,Female,Summit,Wiang Nuea,5742353942934,Calachuchi,false,true,29,3689433649469,8955629,5,99,57693804,1938/12/05,1978/05/01,Indigo
Jeffrey Henderson,Male,Fulton,Arias,9937903258029,Bakan,false,false,86,3308457728944,4423870,6,67053,68315269,1993/10/30,1954/12/12,Pink
Cynthia Collins,Female,Mallory,Gununganyartambak Tengah,6293538941687,Póvoa,true,false,66,3717908207788,1820742,4,0696,50257033,1933/07/24,2007/11/16,Mauv
Carol Gonzalez,Female,Nevada,Néa Péramos,4536704148880,Sovetskiy,true,false,85,9783537785451,5313243,9,43093,29994726,1987/04/24,1970/04/22,Aquamarine
Carol Tucker,Female,Hermina,Al Khānkah,9380110376232,Salam,true,true,77,4634185207498,2193256,6,59795,51737117,1991/09/29,1972/03/24,Goldenrod
Christopher Lopez,Male,Thompson,Hengyang,8557085371554,Lipovci,false,false,15,7374106705825,9365572,2,61307,93534443,1986/11/11,1967/03/14,Purple
Pamela Jordan,Female,Commercial,Vienna,5830935913384,Soraya,false,false,76,4375531571005,2215293,9,97,65061774,1972/10/01,1946/10/14,Purple
Bonnie Weaver,Female,Forest Dale,Zátor,5950890569990,Chojata,false,false,93,9019968141143,4771489,6,985,69127159,1985/11/11,1976/10/31,Fuscia
Tina Rodriguez,Female,Bluestem,Uddiawan,5733061549511,Bodø,false,false,52,9745752756895,7882775,2,2,14619962,1948/12/14,1960/07/26,Yellow
Craig Olson,Male,Weeping Birch,Catriló,5131219295630,Kungsbacka,true,false,5,5269593309668,5073599,6,608,60863505,1931/05/14,2012/02/05,Red
Brian Stewart,Male,Algoma,Los Nogales,9597754823116,Wang Muang,true,false,70,3496375485336,3405959,1,485,75383431,1988/06/06,1934/07/11,Violet
David Russell,Male,Grim,Santa Bárbara,5783110061635,Pengdian,true,false,30,7685142655738,8501339,7,3489,73129522,2010/07/20,1934/07/22,Puce
Gary Mendoza,Male,La Follette,Shuibian,4578858430012,San Antonio,false,false,85,4449599669382,6422470,9,3,58377567,2005/12/31,2008/10/23,Blue
Dorothy Sanchez,Female,Reinke,Pagatan,4268511676801,Godong,false,true,79,5623416252692,3326995,7,6,62442524,1937/11/25,1995/12/13,Puce
Donna Lawson,Female,Scofield,Novoul’yanovsk,6528508708531,Krasnaya Gorka,true,true,85,3163713822887,3026162,2,62102,98990879,1956/08/13,2008/05/28,Goldenrod
Karen Fields,Female,Debra,Bantian,5834017329530,Jastrowie,false,true,11,7632875913729,2188387,2,18999,65458814,2015/10/13,1962/05/11,Green
Aaron Dixon,Male,Express,Xiashihao,6935365471023,Krasne,true,false,36,9016615971852,7632817,8,75,73594274,2002/12/27,1967/06/20,Orange
Howard Peters,Male,Rusk,Mannheim,5802004571181,Episkopí,true,false,42,4160862494975,5939406,10,972,75300422,1972/05/03,1966/08/27,Teal
Carol Austin,Female,Dovetail,Guangshun,9662961742836,Luohe,true,true,76,7695480971884,4821718,10,54,82507688,1938/10/08,1931/10/13,Aquamarine
Michael Holmes,Male,Daystar,Villa Francisca,7977967528969,Lab,false,true,60,8811919020098,4292241,6,38650,67762197,2000/09/05,1973/12/23,Yellow
Johnny King,Male,Grayhawk,Masons Bay,9958631217166,Jingyang,false,true,75,8884771484544,8538326,6,4367,78228540,1950/06/14,1981/04/06,Orange
Sean Wagner,Male,Sutherland,Agpangi,5160470516375,Kurume,false,false,40,4011042157116,4949152,3,56,59289048,1974/03/03,1963/12/08,Maroon
Michelle Howard,Female,Delaware,Saint Petersburg,7683102671132,Laiyang,false,false,92,5642501665827,7781037,5,39,32904845,1971/06/05,1994/01/22,Violet
Carol Stone,Female,Gerald,Apodi,8460963994452,Khiwa,false,true,56,5290495298716,4097167,4,9087,76125254,1979/08/02,2015/12/13,Pink
Aaron Hart,Male,Monument,Juatuba,7585951240047,Soio,true,false,16,7705557869509,4142499,2,5,27385256,1949/10/28,1986/10/23,Turquoise
Joe Thompson,Male,Doe Crossing,Strassen,5059629464902,Zarechnyy,true,true,18,5125130771647,7576862,8,15,91994586,1958/05/16,1944/09/25,Mauv
Aaron Kennedy,Male,Clarendon,Hovorany,8151729455393,Morropón,true,true,65,5069669965886,2768443,9,2,44118041,1931/08/12,2011/04/16,Indigo
Karen Garcia,Female,Duke,Santana do Paraíso,9780600232740,Mollas,true,true,28,4888675248404,1559864,5,535,22515688,1940/01/06,1980/06/17,Purple
Louis Henry,Male,Arapahoe,Pisões,8980007771301,Urus-Martan,false,true,71,8158641835893,5855004,8,25,85039735,2009/04/02,2007/01/31,Aquamarine
Frances Moreno,Female,Rutledge,Bordeaux,8060114138969,Campaka,false,false,61,8158118830871,3645673,4,0155,29639854,1985/07/16,1936/09/25,Mauv
Julie Montgomery,Female,Grayhawk,Salaspils,5961859456544,Valparaíso,false,true,80,3875914429758,7796379,8,52,42710446,1979/09/21,1977/02/14,Puce
Judy Alvarez,Female,Dwight,Bené Beraq,8122565817472,Storuman,true,false,31,7545191606729,9423108,1,62,83474426,1994/10/08,1975/07/11,Mauv
Mark Lee,Male,Hauk,Doudleby nad Orlicí,9633872455779,Qaffīn,false,false,15,7519024900869,6349523,6,603,74293446,1970/12/25,1959/10/20,Indigo
Jeffrey Reed,Male,Drewry,Kardamás,6593469234841,Kalian,false,false,73,3005116175701,3696110,6,13,66887501,1959/05/06,1931/08/08,Violet
Randy Stanley,Male,Kinsman,Messina,4814839017701,Merke,false,false,95,8990614691341,9232474,2,023,22693153,1984/08/07,1942/11/14,Teal
Harold Morris,Male,Redwing,Amaraji,7688176943831,Sarapul,true,false,19,7385198822236,4842944,7,25,31140184,2012/07/02,2013/09/27,Crimson
Terry Perez,Male,Magdeline,Tambo Grande,7995909916321,Muslyumovo,true,true,49,7400771595933,6895024,9,81517,93077766,1989/08/24,1999/11/18,Maroon
Ronald Garcia,Male,Schlimgen,Bandaran,5329222426736,Kuzhuping,true,true,28,3470797084957,6733663,3,931,73753704,1971/11/04,2015/06/10,Mauv
David Baker,Male,Maple,Lakkha Nëvre,9412149839932,Kowale,true,true,69,9170872684513,7331779,9,61877,31978563,1965/06/18,1959/02/18,Teal
Jack Howell,Male,Mallard,Gostovići,8037649015332,Curibaya,false,false,43,9942553700619,4775540,8,90,87938931,1957/01/21,1959/03/09,Turquoise
Mildred Wheeler,Female,Corben,Marne-la-Vallée,8662733657833,Matozinhos,true,false,89,6278821390088,7388803,1,1085,42623454,1954/11/23,1979/12/16,Violet
Alice Price,Female,Nancy,Jangkungkusumo,9343984004472,Malata,true,true,47,3175829633688,3130362,7,8028,30765916,1937/12/09,1992/01/21,Teal
Diana Elliott,Female,5th,Ilesa,4814165619878,Lushikeng,true,true,31,4763142062381,5932568,4,44603,25076615,1943/12/29,1937/10/19,Orange
Virginia Torres,Female,Lerdahl,Pukhavichy,7754544511498,Awgu,false,true,93,4239707561614,7001574,3,9848,11555071,1996/08/17,1976/01/30,Green
Nicholas Bennett,Male,Boyd,Skarżysko-Kamienna,6155666797346,Ramon Magsaysay,true,false,70,3767034570369,9013013,4,6548,72050264,2013/11/30,1974/12/06,Blue
Gary Gilbert,Male,Havey,Kostinbrod,9156876403122,Xagmakajor,false,false,95,4691104383562,2755399,9,18649,19335616,2016/03/08,1938/06/16,Khaki
Dorothy Allen,Female,Forster,Zhouhu,9823772274923,Thākurgaon,true,true,51,5194162977867,4827145,10,38577,42283786,1972/09/12,1950/01/01,Khaki
Eric Scott,Male,Walton,Kozy,8995234865184,Isdalstø,false,false,76,8180029235535,5779287,10,79,19293829,1961/02/23,1944/02/18,Green
Jennifer Boyd,Female,Fair Oaks,Huangduobu,9152253096530,Engenho,false,true,61,4330023519644,5709609,3,60393,60950931,1944/03/06,1958/12/20,Turquoise
David Kelley,Male,Norway Maple,Stockholm,4597419537947,Yong’an,false,false,42,6794486083151,3295563,4,494,51763302,1932/06/09,1949/02/09,Khaki
Linda Moore,Female,Bluejay,Alor Setar,9635944352952,Longsheng,true,true,13,9405022903596,2792636,1,778,17817051,1996/02/24,2003/01/16,Teal
Kathy Sanchez,Female,Pearson,Okanagan,7067250900546,Volnovakha,false,true,84,5152857096062,8256187,2,0427,17667027,1981/08/25,1939/12/04,Violet
James Simpson,Male,Moulton,Sarāvān,5306152745138,Shakhun’ya,false,false,69,7295634203810,4363877,4,9357,25004613,1941/04/21,2008/12/29,Orange
Jennifer Bailey,Female,Clyde Gallagher,Berlin,4468153751078,Celorico de Basto,true,true,72,8660033853060,9404193,1,17,19271743,1940/08/18,2002/07/16,Indigo
Jack Kelley,Male,Shoshone,Katsuta,7024926228624,Talalayivka,false,true,65,3033677655489,8507777,1,465,29946274,1988/01/03,1957/10/06,Orange
Fred Fisher,Male,Moose,Tulung,8487868865341,Busia,false,false,38,6905690998077,9291989,10,50,84513524,1989/08/30,1949/07/24,Khaki
Timothy Hudson,Male,Tennessee,Kinatakutan,9376459953303,Lakshmīpur,false,true,67,9050941001968,9408888,9,5,15053525,1970/09/20,1979/04/12,Goldenrod
Sharon Kelley,Female,Susan,Joaquín V. González,4716140747083,Trzin,true,false,5,5605771804588,2410888,4,269,79781800,2003/05/29,1941/03/21,Orange
Philip Payne,Male,Meadow Vale,Sinisian,5428546903818,Prey Veng,false,true,49,4949116752033,1462593,2,2518,73785438,1934/01/04,1988/04/24,Fuscia
Sarah Mason,Female,Butterfield,Ibung,9443567841632,Polen,false,false,94,4102470635465,8076936,10,3541,17519787,2005/11/11,1977/09/05,Mauv
Arthur Shaw,Male,Sullivan,Dukla,7626099570419,Ménaka,true,true,19,9851414998857,9187370,1,1453,76126102,1990/02/13,1983/05/05,Puce
Jesse Lane,Male,Village Green,Bayeux,4693401876765,Baima,true,false,55,5268976156651,7422439,3,468,11722709,1986/04/18,1980/08/26,Yellow
Antonio Medina,Male,Pankratz,Culacling,6669243288631,Kawengan,false,true,24,9868363101331,2558659,9,9016,61998574,1955/12/26,2010/11/11,Mauv
Joshua Gomez,Male,Derek,Stockholm,4749547727882,Lampa,false,true,66,8176090851794,6735675,10,0,90835247,1953/04/09,1930/06/26,Teal
Stephen Stanley,Male,Ronald Regan,Turku,9780255166533,Tucson,false,false,25,6105462707683,3870848,3,6371,29176156,1975/01/10,1988/03/31,Teal
Todd Sims,Male,Mcbride,Sepanjang,4207920139813,Cahuacho,true,true,20,4558165605823,6062452,1,863,43739201,1954/04/11,1966/04/28,Turquoise
Pamela Larson,Female,Buena Vista,Ceres,7846165510147,Hongxing,false,false,89,3100200365290,2713116,2,8252,67577125,1992/12/31,1950/11/05,Aquamarine
Carl Thomas,Male,Forest Run,Sanjiao,8927572253010,Washington,true,false,35,8184022364130,6828928,8,8,32276317,1953/06/30,2009/12/03,Blue
Kenneth Stevens,Male,Browning,Chojnów,4407190171428,Roldanillo,false,true,72,7925424856684,1779672,7,90,34387221,1940/05/22,1982/04/29,Maroon
Richard Coleman,Male,Mifflin,Polanka Wielka,6009609426567,Mieścisko,false,false,91,8955310953397,3769496,1,002,45736967,1989/05/07,1997/01/23,Violet
Gregory Wood,Male,Golf View,El Parco District,4577270022857,Suyo,false,false,63,3960730109634,1679107,8,2297,48923105,1944/10/05,1945/06/22,Indigo
Deborah Ellis,Female,Truax,Shaxi,8470517962624,Elato,true,true,48,7336466328349,9866870,3,13,27410262,1993/02/17,2000/11/12,Violet
Scott Peters,Male,Autumn Leaf,Tuofeng,7861064747669,São Mateus do Maranhão,false,true,6,5817267515515,1772220,6,60529,62052856,1936/08/07,1979/05/21,Mauv
Andrea Smith,Female,Dakota,Orkney,9799380790882,Bulasa,true,false,99,8433663790027,9423083,5,7,87945816,1954/04/18,1937/10/13,Puce
Christina Howell,Female,West,Chornorudka,4988821404285,Xiniu,false,false,7,3331863833868,4339404,5,457,37402644,2014/04/16,1964/07/03,Turquoise
Donald Hughes,Male,Artisan,Tower,9852293590467,Sojo,false,true,18,8440331664767,5800651,10,64,69552696,2002/01/06,1930/09/18,Violet
Gerald Simmons,Male,Bunting,Thulamahashi,4895120927123,Dengjiang,false,true,29,7789490430419,4925036,7,125,49725954,1956/04/07,1940/12/02,Blue
Harry Franklin,Male,Graedel,Amos,5371860973912,Karanganyar,false,true,78,4592886099185,6550452,5,88,22768187,2008/08/26,2015/08/11,Indigo
James Chavez,Male,Hermina,Verin Artashat,7847886122856,Tres Arroyos,true,false,24,7766824603744,1932965,7,4,30007881,1941/12/12,1996/11/22,Yellow
Samuel Rivera,Male,Vidon,Petrijevci,4497326405200,Gaotai,false,true,35,5395983104231,4871717,1,19,68623320,1959/10/07,1985/05/20,Puce
Louis Andrews,Male,Eagan,Baška Voda,6655759460845,Vyatskiye Polyany,false,false,94,4993648548269,5293312,8,71,53809716,1983/02/19,1952/04/29,Teal
Sandra Ryan,Female,Carpenter,Carriedo,9945093114386,Dijon,false,true,14,4329008160209,9602833,8,7,34358182,2010/07/24,1981/06/12,Pink
Lori Dixon,Female,Summer Ridge,Cimanggu Wetan,7275868653251,Penanggal,true,false,30,4458702738352,7947935,9,0,47146609,1961/04/02,1948/06/08,Pink
Catherine Hunt,Female,Di Loreto,Meicheng,9254942162463,Boljevac,true,false,27,7353437062344,1916113,9,4,52074250,1975/09/07,1957/09/30,Crimson
Jane Crawford,Female,Hanson,Qaţanah,5518045254098,Shuangjiang,true,false,22,6711492805749,7526797,5,699,70052053,1951/03/27,2012/01/08,Mauv
Dorothy Wright,Female,Jay,Hutang,7051336387205,Soledad,false,true,94,5692737022083,2345976,8,3,75125679,2008/06/12,1983/03/04,Pink
Mark Harper,Male,Pearson,Sanhe,5483046917422,Busia,true,true,56,8999291312973,2216212,5,84,39687779,2012/12/21,2002/08/24,Red
Richard Watkins,Male,Monica,Talaibon,6846114670281,El Triunfo,true,false,35,4087555293900,2429899,10,4,58963020,1985/03/17,1985/10/08,Violet
Victor Flores,Male,Merrick,Rokytne,5907250189622,Leńcze,true,false,21,6854857628547,5017635,5,1,43902966,1995/10/17,1940/03/23,Aquamarine
Janet Harper,Female,Londonderry,Srinjine,7740673479262,Koten,true,true,27,7136735600745,5551604,5,6,34155165,1941/08/11,1958/04/09,Maroon
Christopher Frazier,Male,Swallow,Banjar Laing,6236484865626,Togur,false,false,98,4487383471259,6413953,5,04,51322954,1964/02/03,2009/05/17,Red
Jimmy Richards,Male,Melvin,Lueng Putu,9989824897560,Volgorechensk,false,false,18,8867634214240,3672148,1,32,76466676,1974/12/01,2010/05/28,Purple
Brian Kelly,Male,Monica,Voloshka,4044163792747,Cilegong,true,true,73,4743255666797,3262823,4,5,53701563,1976/09/15,2004/01/07,Violet
Douglas Brooks,Male,Nova,Xiangshun,6423367018080,Nkhotakota,true,true,60,3385914775846,7211174,10,1,95851598,1935/10/05,1979/11/15,Goldenrod
Ann Bell,Female,Rockefeller,Yala,8796650775441,Shaxi,false,true,89,6190646894668,2393352,7,084,61606198,1983/10/08,1997/11/02,Fuscia
Jeffrey Phillips,Male,Melrose,Hagonoy,9465438152481,Purda,false,false,90,3150586125389,1753405,4,86614,72246856,1940/07/27,2009/08/22,Pink
Walter Graham,Male,Heffernan,Xilin Hot,6867940740519,Kalisabuk,false,true,32,6792038327398,1809969,5,7,40641574,1984/04/22,1946/11/23,Pink
Thomas Hernandez,Male,Acker,Puji,9344178114823,New Leyte,true,false,27,5314579581688,8684959,8,613,45299943,1948/09/08,2007/12/20,Purple
Sarah Mccoy,Female,Bluejay,Cognac,4924602074124,Karadaglije,false,true,59,8839236187677,7863514,4,5183,18094710,2004/08/15,1990/08/08,Mauv
Amanda West,Female,Forest Dale,Tianhu,4414883460569,Silver Spring,true,false,73,4171051630457,4187595,7,1452,15695494,2000/12/03,1976/05/25,Khaki
Phillip Cole,Male,Kinsman,Oslo,4182124926747,Gumel,false,false,99,5680719454931,1034233,9,3,51592584,1942/09/04,1988/10/17,Mauv
Robin Peterson,Female,Maple,Stari Bar,9068204791856,Dancheng,true,false,95,4541429830158,8752105,5,4722,67492903,1930/07/03,2014/08/09,Pink
Willie Watson,Male,Memorial,Khujirt,6535698392816,Huajialing,true,true,73,3743980548127,5584012,8,85,63941941,2006/02/12,1944/11/15,Mauv
Frank Spencer,Male,Buhler,Rizári,8070169698163,Busuanga,false,false,88,3530110354653,5447086,2,199,32957462,1995/11/14,2002/07/15,Turquoise
Jennifer Jordan,Female,1st,Mantalongon,8431475029098,Surkhakhi,true,true,63,9639363003904,8283536,8,3890,56546085,1991/10/02,1979/04/07,Aquamarine
Charles Vasquez,Male,Badeau,Lat Yao,4033218865975,Zyuzino,true,true,78,7245577503472,8109339,1,2,61988378,1978/05/17,1984/03/16,Orange
Douglas Howell,Male,Ridge Oak,Chahannao,7018718999123,Vani,true,false,80,4455835807071,5512717,8,7,85884166,1998/05/20,1956/07/06,Khaki
Richard Hughes,Male,Main,Bongouanou,4850950572709,Sikka,true,true,98,6610412118742,3435346,1,7033,73612363,1981/03/07,1985/12/17,Turquoise
Elizabeth Wallace,Female,Hanover,Shuangmiaojie,8342203729081,Ponggeok,true,false,18,7934690841482,9469574,1,57763,65837984,1960/03/12,1978/12/21,Turquoise
Andrew Wright,Male,Forster,Datagon,7171277737825,Jia’an,true,false,84,4961367301833,1290960,4,044,69715796,1971/06/26,2013/06/23,Pink
Diana Murphy,Female,Prairie Rose,Karoya,4165543339060,Dokri,true,true,18,3683257947642,3377194,10,65745,50119289,1971/10/22,2006/07/29,Violet
Norma Daniels,Female,Dapin,Miskolc,6014934805890,Taihe,false,false,39,6046958489475,4657747,3,70731,91083252,1969/03/08,1950/02/05,Red
Gloria Ruiz,Female,Westport,Admiralteisky,6583627677420,Linköping,false,true,29,4247294718346,2301085,4,27,30053951,1990/01/30,2005/01/20,Maroon
Brian Clark,Male,Maple Wood,Sansanné-Mango,6386346232487,Ikoma,true,false,39,7236431155767,6648561,6,42,60986586,2014/07/17,1952/10/16,Green
Walter Black,Male,Arrowood,Sydney,5021442142595,Mongar,true,true,33,6016769353698,7212899,2,498,29537941,1939/10/01,1958/06/05,Blue
Dennis Mcdonald,Male,Sage,Osek nad Bečvou,6315385697761,Vale de Mendiz,false,false,34,3316183064407,5083337,8,9,37201033,1968/10/26,1952/07/23,Maroon
Elizabeth Sanchez,Female,Eliot,Cileles,7181564520624,Piątnica,false,false,13,7991641060591,4234062,4,90271,41387598,2010/03/21,2006/10/18,Blue
Kevin Mills,Male,Londonderry,Colombo,8530135018039,Shangani,false,false,87,9738509920428,6373706,5,797,98129101,1971/10/13,1995/12/13,Pink
Samuel Martin,Male,Vernon,Kallífytos,6775066169190,Al Aḩmadī,false,true,62,6224866008521,3467498,2,08234,15869609,1962/01/09,1976/08/28,Orange
Debra Garza,Female,Cascade,Vyselki,6997923059321,Pantukan,false,false,86,8175587228956,6182553,6,1,17367146,2014/09/17,1986/09/27,Blue
Jessica Frazier,Female,Maywood,Kotovo,5995687639855,Stuttgart Stuttgart-Mitte,false,false,72,8201257739517,6080615,6,2199,30828361,1960/12/07,1956/03/05,Green
Patrick Moreno,Male,Old Shore,Huaguo,9969819418991,Serra de Santa Marinha,true,false,44,6951952149376,4315226,9,7,76908874,2000/06/20,2001/08/15,Puce
Lisa Ross,Female,Warbler,Priupskiy,4635922728887,Salon-de-Provence,false,false,96,4496765742537,7286738,7,0,85749788,1965/11/25,1977/10/12,Aquamarine
Robin Freeman,Female,Myrtle,Sal’sk,6593596803568,Chai Badan,true,false,70,3132822488991,2978273,5,51,21718239,1949/04/15,1935/03/22,Maroon
Peter Kim,Male,1st,Jesenice,9110613797634,Onitsha,false,true,35,8109686275973,3503317,1,5322,87752430,1976/07/05,2013/12/18,Goldenrod
Alan Smith,Male,Haas,Basel,8377462508144,Stari Grad,true,false,75,8349429831325,1212107,7,39,25735283,1989/05/30,1956/08/28,Yellow
Joan Ryan,Female,Carioca,Jiqu,5498018428080,Carabamba,false,false,55,8088521999627,8552627,2,49721,85499822,1984/03/28,2014/07/14,Maroon
Gerald Bennett,Male,Moose,Dandai,6936836457728,Lewoluo,false,false,100,5824705815120,6066243,4,95101,50628944,1939/03/28,1993/05/01,Red
Barbara Pierce,Female,Morningstar,Deskáti,7856571766590,Tyachiv,false,false,88,8401168348818,5699025,5,44665,41991220,1968/05/10,1948/03/02,Red
Andrea Fields,Female,Erie,Anshan,9029113798159,El Cacao,true,true,57,6070265493008,3964831,2,23,43198381,1983/07/21,1973/02/02,Mauv
Russell Butler,Male,Hoffman,Pangkalan,6730619259220,Banayoyo,false,true,74,3209031945542,7176470,4,2383,96137629,1934/04/18,1949/06/06,Puce
Lawrence Ross,Male,3rd,Renhe,4381167325470,Nombre de Jesús,true,false,58,5257814077339,4480071,10,12709,69076368,1951/11/19,2002/02/24,Goldenrod
Antonio Perry,Male,Pine View,Machakos,5759527733578,Gävle,true,false,37,5981636139203,3124048,1,2085,26148815,1987/01/31,1986/10/04,Fuscia
Kevin Williamson,Male,Dottie,Veracruz,4433708753915,Sohbatpur,false,true,5,3437452714546,2488432,2,6,88295910,1994/02/27,1999/12/21,Blue
Paula Hernandez,Female,Di Loreto,Pampas,8157007715323,Henggang,true,true,58,4242513406592,4052738,8,164,75123949,1999/11/14,2013/07/20,Blue
Ruth Wallace,Female,Banding,Comal,6476131687795,Libas,true,true,13,7475380196133,6856114,5,01,41228244,1998/05/05,1998/06/13,Teal
Evelyn Frazier,Female,Birchwood,Strzelin,5779657489838,Bayasgalant,true,true,58,5738815705566,5072599,7,97903,56265562,1988/10/24,2010/02/09,Puce
Angela Young,Female,Thierer,Brooklyn,5527668943075,Carangola,true,false,85,5137535451888,1938265,8,55,52058835,2007/10/11,1975/12/08,Blue
Peter Garza,Male,Spohn,Rudnogorsk,9208514422585,Shtip,true,true,25,8147279179354,4414543,9,39214,46157646,1959/05/28,1974/06/18,Indigo
Judith White,Female,Washington,Susanino,7902788976829,Nanyang,false,true,4,3614447966201,6785016,2,218,52959415,1989/03/11,1984/03/01,Fuscia
Edward Willis,Male,Ohio,Lingdangge,9351916786969,Vakhrushi,true,false,91,6681573073055,8772701,3,52,76883543,2015/06/05,1976/05/30,Violet
Earl Bailey,Male,Monica,Belén,9216120058345,Trubchevsk,true,false,5,7080205359631,4323374,6,9601,47092764,1935/09/08,1949/11/13,Purple
Diana Moore,Female,Meadow Ridge,Alvarães,5976022567558,Perlez,true,false,59,5514021275016,6021401,10,31626,85667541,1998/10/30,2009/02/04,Maroon
Anthony Butler,Male,Riverside,Pembroke,7167531379975,Ransiki,false,false,55,6668630884205,8059501,7,00135,61961912,1948/11/05,2003/04/09,Orange
Patricia Porter,Female,Donald,Cala,4983016561620,Flórina,false,true,91,4043103057444,1973400,9,944,42178334,1930/06/23,1952/09/14,Indigo
Lillian Cruz,Female,Loeprich,Paobulan,9843052857168,Mempawah,true,false,99,7677909337651,8328453,8,50774,41296766,1981/03/13,1995/10/02,Indigo
Brenda Cruz,Female,Waubesa,Wiset Chaichan,7025403174242,Campechuela,true,false,63,7985541686266,3027927,3,12821,60531346,1961/04/20,2014/09/08,Green
Aaron Collins,Male,Mayer,Miechów Charsznica,9550116150686,Miami,false,true,1,5325586180652,8468115,9,75,58228064,1968/03/05,1991/03/31,Orange
Patricia Hunter,Female,Crowley,Babura,9553885263592,20 de Noviembre,false,true,7,6359317605253,8394687,7,4326,84646423,1936/09/12,1945/09/21,Aquamarine
Gregory Reid,Male,Waxwing,Hrádek,6670818468316,Tongyuanpu,true,false,40,8741646041311,4737700,6,35,20099126,1972/08/05,1940/07/20,Red
Martin Weaver,Male,Del Mar,Demerval Lobão,4335509506485,Dzuunmod,true,false,53,7918749111074,3299577,4,9812,47135244,1968/10/16,1961/04/15,Yellow
Stephen Ray,Male,Sheridan,Huaqiao,6800904620103,Palpalá,false,true,85,9446715027735,2744101,4,3727,83526138,2006/08/30,1939/10/06,Goldenrod
Timothy Nelson,Male,Chinook,Luar,6428058299225,Yichun,true,false,69,3704688495225,8443404,6,9,94238055,1990/05/16,1945/10/14,Indigo
Ernest Watkins,Male,Upham,Uji,6430273169499,Tekeli,false,false,6,7208318092362,5108646,8,5996,79369908,2010/11/10,2012/02/24,Mauv
Diane Bailey,Female,Crescent Oaks,Dongpu,7562959018316,Zmeyskaya,false,false,80,4167994635824,2612663,3,0,72244994,1933/04/10,1962/01/21,Indigo
Betty Reed,Female,Erie,As Saffānīyah,4887979994164,Le Mans,true,false,81,6906161685246,7335638,4,41090,27368902,1961/04/16,1989/07/06,Mauv
Michelle Griffin,Female,Towne,Alpūrai,9906235007919,Hexi,false,false,98,4010508103098,8270152,6,9987,67714599,1977/05/08,1999/04/11,Maroon
Todd Morris,Male,Upham,Hrastnik,7771672542895,Prienai,false,false,68,9516140321682,9700020,4,28835,40117453,1977/08/15,1997/10/22,Teal
Diane Chavez,Female,Holmberg,Outeiro,8482237400322,Daigo,true,false,51,3377245730454,6676343,8,3,30160920,1977/05/12,2015/12/15,Pink
Matthew Nguyen,Male,Elmside,Zhongshan,4853025056728,Nago,false,true,86,9200149414466,3720718,6,603,16125692,2000/12/31,1947/02/24,Yellow
Teresa Garcia,Female,Straubel,Nambalan,7203374579316,Sokolac,false,true,23,9138942206578,6034556,9,8,39889270,1941/06/08,2008/05/19,Teal
Gary Miller,Male,Aberg,Pedro Santana,9178519628756,Teófilo Otoni,false,true,21,8284319973534,2338318,5,84,16077114,1958/05/26,1960/01/05,Aquamarine
Matthew Roberts,Male,Florence,Dartang,6662454916816,Zhenzhushan,true,false,71,5930914867606,5329574,8,7,35255331,1961/12/04,1981/12/26,Orange
Bonnie Harvey,Female,Saint Paul,Kiangan,8394710689947,Ongi,false,false,88,5850171011683,4636631,5,60,90623059,2005/11/28,2010/10/14,Indigo
Raymond Bradley,Male,Porter,Liaoyang,4833188146760,Āstārā,true,false,32,9712988186225,5471917,4,9,13527378,1980/12/27,1992/10/10,Maroon
Louise Nelson,Female,Moose,Svyatogorsk,9432572763341,Österbybruk,true,false,91,4358709575930,6845599,8,04346,45404769,1937/05/03,1971/07/25,Orange
Kevin Hicks,Male,Sauthoff,Wangda,7852869724594,Banjar Pangkungtibah Selatan,true,false,40,9683755414000,2016087,6,46770,79633368,1932/10/01,1955/07/18,Puce
Benjamin Harris,Male,Oakridge,Gaoxing,8857645986119,Washington,false,true,82,7670767741169,7077034,9,569,74818392,1979/10/10,1980/07/12,Khaki
Annie Larson,Female,5th,Venezuela,7498520760937,Qalqaman,false,true,36,5932866381724,2999103,7,4,73210161,1935/10/22,2015/05/23,Violet
Ryan Anderson,Male,Briar Crest,Dire Dawa,6470464455543,Fakel,true,false,88,3400959845262,9519674,8,569,76684717,2002/05/14,1962/02/05,Crimson
Eric Adams,Male,Bunting,Wenfang,8834481697284,Marathon,true,false,95,3136445564679,9259925,5,692,50498537,1974/05/14,1948/05/09,Puce
Todd Watson,Male,Lyons,Rybie,9462211901791,Partille,true,false,12,5955279008019,7365058,10,91973,49600764,1959/09/08,1982/02/07,Mauv
Andrea Rivera,Female,Nevada,Berlín,9637854858431,Kertasari,true,true,32,5248473179121,9725636,3,19,11341196,1934/01/05,1994/05/19,Blue
James Young,Male,Hintze,Örebro,8802563545516,Marathon,true,false,95,9972625232472,7257689,8,2,92630758,1955/11/24,1990/12/30,Goldenrod
Carlos Frazier,Male,Namekagon,Fresno,8293458536113,Stoszowice,true,false,26,6397516881575,5127844,6,28136,59617752,1941/03/22,1956/05/02,Green
Peter Hicks,Male,Continental,Sinop,6711834719371,Sapouy,false,false,24,7617556108641,9132808,7,97924,76186081,1986/01/27,1942/10/21,Turquoise
Heather Austin,Female,Autumn Leaf,Gamut,4662835501503,Jayune,true,true,64,4976196440024,4194263,1,7,96860853,1952/05/18,2006/10/23,Teal
Jack Nelson,Male,Melvin,Cookshire-Eaton,8669358419807,Puerto Rico,true,false,59,8270847176724,9990735,5,303,48973097,1946/01/08,2002/01/27,Indigo
Kevin Fox,Male,Westport,Kuantan,4335172275341,Béziers,false,true,87,5441176108159,4803760,10,6337,43026740,1944/01/06,1984/01/21,Maroon
Jerry Franklin,Male,Hayes,Shimen,7068010858760,Maliang,false,true,1,4605279881644,7808847,10,42,88277529,1940/01/07,1963/01/04,Blue
Maria Franklin,Female,Caliangt,Riosucio,5902840290544,Bayan Hot,false,true,66,6738040169586,5530973,2,59074,58822712,2008/12/15,1947/10/06,Red
Jack Walker,Male,Stang,Tengger,6488894954629,Mugango,true,true,27,4084594220965,3006270,4,75836,67501854,1987/04/23,2007/07/05,Turquoise
Linda Richards,Female,American Ash,Bouça,4934077557559,Garunggang,true,true,64,9885306744722,4590243,6,2,72622395,2010/09/26,1972/05/19,Yellow
Martha Miller,Female,Ridge Oak,Novomoskovs’k,5711934178068,Duwakbuter,false,false,18,6610842528426,8107392,10,7,87807633,1966/03/27,1931/01/21,Goldenrod
Scott Morales,Male,Rowland,Xinli,9580101786709,Jiedu,true,true,42,8208105175715,2927027,2,10,15687648,1947/01/06,2013/07/30,Maroon
Scott Hill,Male,Corry,Totoras,9130808869825,Tokonou,true,true,21,9504319880235,9017758,8,95,16915760,1953/03/15,2001/04/06,Turquoise
James Carpenter,Male,Veith,Dzhalilabad,4626603783971,Mīrwāh Gorchani,true,false,69,8219601820465,8850389,3,955,50726090,1973/07/10,2001/02/04,Goldenrod
Louis Torres,Male,Maple,Bom Despacho,4122732669258,Sayansk,false,false,71,9896201770528,8752753,2,99,33685665,1981/04/04,1991/04/16,Violet
Keith Dean,Male,Union,Shanhou,8958262767744,Zaqatala,false,true,98,8990785497458,3532474,7,6550,21448065,1931/04/29,2015/05/10,Puce
Steve Martinez,Male,Rutledge,Paris 13,9935520742830,Pefkochóri,false,false,7,9622029171752,9985160,3,83173,16439242,2014/04/17,2011/02/23,Green
Angela Hart,Female,American,Rio Negrinho,6318683704201,Solingen,false,false,8,9056724975974,8865992,1,6331,49882081,1993/08/12,1982/06/06,Red
Raymond Stevens,Male,Northland,Bronkhorstspruit,6170220945189,Baicun,true,false,11,8778719554710,7643044,8,6020,60041953,1987/05/12,1997/03/11,Mauv
Roy Riley,Male,La Follette,Olutanga,6497314276632,Ivry-sur-Seine,false,true,83,8738675355318,7954229,6,2,49194930,2005/12/30,1951/07/31,Pink
Eric Dixon,Male,Valley Edge,Pochinok,5709816349741,Sendangrejo,false,true,43,5486763890392,5612528,1,621,74329798,1952/08/11,1997/07/06,Green
Ralph Ford,Male,Welch,Dusun Tengah Cihaurbeuti,9915113446899,Otoka,false,false,87,3051075721567,9778441,3,649,17286718,1976/07/21,1985/08/01,Yellow
Anne Cunningham,Female,Tennessee,Obollo-Afor,5082930834879,Aix-en-Provence,true,true,87,9663796670654,4607229,7,68586,36528512,1944/08/23,1951/07/27,Mauv
Alice Flores,Female,Brickson Park,Barrancas,4445706367502,Yixing,true,false,27,6900809469198,8194161,4,81420,20359088,1967/04/19,2011/11/05,Fuscia
Cheryl George,Female,Vera,Jinkou,8313733652843,Villa del Rosario,false,true,22,9602993876863,9206539,7,98,61211824,1967/09/22,2006/04/03,Indigo
Wanda Russell,Female,Lawn,Weishan,6745617711522,Babakankiray,false,false,78,4303517576561,9416268,7,20207,76489684,1946/09/28,1963/07/24,Purple
Albert Allen,Male,Sheridan,Pereyaslovskaya,7256421785041,Bualan,true,false,60,7688116345486,5352787,4,03102,74331733,2001/11/20,2006/12/13,Blue
Jonathan Foster,Male,Sundown,Żarów,9224146160054,Llano de Piedra,true,false,39,3818859421451,4979283,3,5,53934398,1961/12/26,1976/01/10,Mauv
Victor Hunt,Male,Onsgard,Proletar,8734234281502,Linjiang,false,true,27,4199189274305,2617863,9,513,27599458,2013/04/25,2002/09/15,Teal
Paul Hamilton,Male,Glacier Hill,San Francisco,4561683968767,Mulanay,false,false,57,4690640906603,2855559,6,7,26583107,1964/04/14,1999/12/19,Orange
John Holmes,Male,Northport,Laiyang,7891419595637,Hujigou,false,true,21,3314504583451,7406810,4,0,45118904,2013/05/12,1952/02/21,Orange
Wayne Jordan,Male,Cody,Kanturk,7538650736734,Mihara,true,true,84,6076469509076,6711485,4,90,54446774,2001/12/19,1960/08/21,Goldenrod
Betty Bowman,Female,Huxley,Dongyuan,4288129890999,Corozal,true,true,95,5819112495756,4313944,5,6666,62535332,1933/06/28,1931/09/06,Mauv
Catherine Fox,Female,Merry,Shiqiao,6433500540577,Cangkeuteuk Sabrang,true,false,79,6602894660533,1682795,10,522,14232499,1931/03/07,2007/08/29,Indigo
Jean Morales,Female,Gateway,Kokologo,6541373943563,Trzcinica,true,true,76,8760987681728,2921001,10,77699,22570443,1996/07/07,1978/12/15,Khaki
Roy Hunt,Male,Westport,Caála,7299457088436,Pravda,true,false,45,8571047199373,4707303,8,139,23459605,1968/02/25,1989/06/26,Goldenrod
Howard Romero,Male,Meadow Vale,Pondaguitan,9514422787122,Tougan,false,true,73,6530835014911,1613025,4,0997,48576862,1971/12/21,1975/08/23,Maroon
Antonio Johnson,Male,Daystar,Envira,4255366063893,Magutian,true,false,13,5907856633143,6075940,4,0,58892692,1946/09/04,1979/06/17,Maroon
Patrick Richards,Male,Holy Cross,Pobral,5303921835426,Courbevoie,true,false,23,6863108032296,7531122,1,29,33306504,1960/03/07,1954/02/21,Purple
Diana Jenkins,Female,Lotheville,Torrevieja,5433680831217,Ishioka,true,true,14,9866802049176,3707926,4,978,46833362,2012/10/26,1945/01/31,Maroon
Norma Bailey,Female,Manley,Det Udom,5178350268573,Bundoran,false,false,41,9481573656990,2181699,1,83134,27928951,1994/02/10,1986/04/12,Indigo
Scott Ross,Male,Brentwood,Tafo,5486836852518,Muonio,false,true,1,4489240071158,9765507,3,34,67576415,1952/10/31,1984/07/29,Crimson
Tammy Banks,Female,Harbort,Kota Kinabalu,7225224998529,Lakbok,true,false,73,3027215987025,5664714,8,04,55892995,1939/01/03,1962/11/10,Khaki
Mildred Stewart,Female,Blackbird,Leran Kulon,7146443931882,Sérvia,false,true,86,7780432821052,7784478,6,88629,36327894,1951/11/17,1958/01/06,Red
Cheryl Ray,Female,Saint Paul,Montecristi,7116153458430,Longmen,false,false,66,5137573378507,1977579,6,3624,60056605,1960/02/09,1953/11/10,Aquamarine
Terry Evans,Male,Kensington,Mosul,8401636110619,Lagasit,true,false,85,4072872992704,5213959,6,8,50351512,1983/08/22,1940/04/27,Mauv
Steven Olson,Male,Carioca,Labuhan,5233269518749,Penengahan,false,true,15,7813433364853,2123642,2,47348,88123675,1977/12/26,2011/05/05,Indigo
Terry Mcdonald,Male,Dryden,Vrbas,7443891503929,São Pedro,false,false,89,8075142521250,8884310,9,47928,92853906,2007/09/15,1971/08/31,Violet
Jimmy Hayes,Male,Petterle,Selnica,8176770265316,La Mesa,true,true,18,7889905337485,7817636,10,32,44204465,1987/01/22,1971/01/11,Green
Lawrence Ford,Male,Glendale,Alangalang,7502591814972,Petrozavodsk,false,true,86,8370499206227,8020486,1,1363,76732012,1953/01/02,1960/12/11,Violet
Dennis Shaw,Male,Warbler,Lameiras,6785855767855,Mashui,false,true,63,6122642160512,4876841,8,08,24475533,1981/04/28,1961/03/11,Turquoise
Bonnie Andrews,Female,Springview,Kakanj,7020195270875,Al Khāniq,true,true,23,6143769583316,2215248,7,62071,53188885,1939/09/18,1947/05/17,Turquoise
Theresa Ross,Female,Westridge,Richmond,5292038482356,Xinfeng,true,true,44,8279809650758,4384693,1,17,11733082,2000/09/27,1933/03/30,Aquamarine
Eric Ray,Male,Moose,Padangtiji,4445433877447,Al Mawşil al Jadīdah,true,false,14,5185040839611,3574252,8,407,68673607,1996/03/29,1977/01/18,Teal
James Burns,Male,Monterey,La Esperanza,6293497920644,Madalena do Mar,false,false,71,9297206832025,3117304,10,52389,95745293,1957/03/08,1986/01/30,Teal
Phillip Diaz,Male,Chive,Batang,9787495987012,Langtad,false,false,15,4777302166725,6543063,9,37601,20282058,1989/07/14,1975/10/27,Puce
Jerry Hansen,Male,Washington,Castelo de Vide,8324201613160,Manay,false,false,81,6274682056768,1200346,10,9363,68540735,1962/01/07,1950/12/15,Aquamarine
Brian Dean,Male,Vermont,Piúma,5507485698570,Oroin Xibe,false,false,36,5984625050052,2111577,3,6,88191782,2006/12/03,1982/03/14,Pink
Anthony Gomez,Male,Grover,Dorchester,5030221164481,Naha-shi,true,true,69,8236752203295,9719315,2,8,97688602,1970/11/01,2013/05/02,Yellow
Ryan Carroll,Male,Sunfield,Núi Đối,4639329121450,Huangcun,true,false,67,3229847978608,4165661,6,43,74811713,1987/12/21,1987/02/07,Teal
Ryan Holmes,Male,Bartelt,Golmud,4603742246270,San Luis,false,false,97,8018527168946,1558646,1,246,42938414,1996/01/27,1990/02/20,Yellow
Gerald Watkins,Male,American,Clermont-Ferrand,5815939390768,Halmstad,false,true,15,8159158208812,1118831,5,72,20730273,1982/04/22,1949/06/03,Aquamarine
Sandra Wilson,Female,Kingsford,Donnycarney,4220024985460,Mount Frere,false,true,36,3207817377328,8254165,2,309,84416539,1931/10/14,2007/08/20,Fuscia
Ruth Garza,Female,5th,Frampol,6880961545338,Bugko,true,false,51,6089935755790,1360751,10,6581,22910981,2005/04/21,1941/05/07,Violet
Jerry Sanchez,Male,Northwestern,Jiaoshi,4351134753385,Shuanglu,true,true,57,6909302600282,6430641,8,783,38831054,1951/01/26,1978/08/25,Fuscia
Mary Willis,Female,Muir,Drammen,7691614321244,Dalianwan,false,true,39,9475449135302,7506876,9,81,62991517,1964/10/07,1990/12/17,Teal
Nancy Roberts,Female,La Follette,Vila Chã,5220947192497,Rokiciny,false,true,91,6885724091620,2771592,7,276,45139299,1942/11/30,1984/08/28,Indigo
Mary Andrews,Female,Meadow Valley,Kuzovatovo,8774835658467,Daba,false,true,92,4820237440766,4872230,7,556,78326654,2011/09/07,2013/12/23,Green
Carolyn Simmons,Female,Gina,Bieligutai,6402587082812,Sabbah,false,true,22,5831280082086,9275960,8,2,51581740,1965/04/05,1953/06/03,Green
Patricia Davis,Female,Sutteridge,Sovetakan,5942184063414,Ludu,true,false,92,9705284990947,2990003,4,88079,59300879,2012/05/25,1990/12/02,Violet
Gregory Bishop,Male,Namekagon,Burirao,9312786296515,Rybnoye,false,false,56,3388900391552,6833954,10,036,62735446,1984/06/09,2008/04/25,Turquoise
Michael Anderson,Male,Ridgeway,Sicamous,8764625611465,Biała Piska,false,true,39,6104687736783,4345718,1,03628,82049530,2003/07/21,1996/03/15,Crimson
Christina Lopez,Female,Eggendart,Zhangduangu,7063347706638,Romba,true,false,54,8799175013186,2623810,9,601,21368451,1959/01/02,1945/09/01,Yellow
Kenneth Boyd,Male,Ilene,Casa Quemada,7769659723067,Guxi,false,true,36,4255856509428,8940866,10,193,16866587,2006/11/14,1953/05/25,Puce
Bobby Murphy,Male,Schlimgen,Silgueiros,8607830560471,Monjas,true,false,70,9518815045645,8384008,7,13,80166799,1994/06/12,2000/03/20,Fuscia
Paul Spencer,Male,Mendota,Grzybowa Góra,8856947324284,Noyon,false,true,58,9183948661577,3074008,2,34995,98572112,2000/01/26,1983/11/18,Goldenrod
Carol Hanson,Female,Westport,Chiguata,6863309203148,Guicheng,true,true,48,5602663934532,3405797,6,75316,39352047,1974/01/15,1991/08/15,Crimson
Emily Alexander,Female,Bowman,Jiaxian Chengguanzhen,6964361666571,Romblon,true,true,26,8933495882606,2862458,10,031,27523962,1952/09/04,2003/08/13,Turquoise
Irene Dean,Female,Kenwood,Benoy,4910799220388,Gyumri,false,true,83,3805739247699,8149104,3,92480,54353574,2002/02/08,1931/07/29,Crimson
William Daniels,Male,Jana,Esperanza,7762816723423,Luxor,false,true,77,8085317490778,6550595,7,6041,14631317,1951/08/30,1964/03/31,Fuscia
Carolyn Watkins,Female,Ramsey,Tshela,7676818362221,Selemadeg Kelod,true,true,17,8997405489795,9288291,9,9,42434067,1952/05/27,1976/08/11,Pink
Albert Hill,Male,Bunker Hill,Tōkamachi,7278670848759,Tekik Wetan,false,true,40,9930531688915,1121370,8,2,77247728,1985/10/20,1974/09/23,Pink
Emily Baker,Female,Acker,Gempolan Wetan,5394355959270,Ghāro,true,true,64,7636600765864,1376039,4,15,21221843,1973/01/19,1989/05/19,Purple
Andrew Scott,Male,Pine View,Deshan,7072617439142,Damaying,false,false,98,8602819234637,2385101,9,8,87059393,1956/07/20,1945/11/03,Khaki
Rose Spencer,Female,Vernon,Maastricht,9295467773707,Naudero,false,false,45,8365992209373,8262942,1,04930,69228760,1989/03/24,1945/11/21,Orange
Joshua Russell,Male,Dakota,Nova Iguaçu,4175861311220,Napenay,true,false,17,5850353814248,6253311,4,9,75468054,1952/02/01,1969/02/21,Crimson
Betty Price,Female,Fordem,Zubrzyca Dolna,6310566428987,Kolokani,false,false,2,9973738551963,8407330,1,9517,71826872,1995/09/04,1992/11/09,Puce
Sharon Torres,Female,Thackeray,Sanjie,9248055751650,Wuyun,true,false,58,6078635148976,7354619,3,538,69348504,1989/04/28,1995/10/07,Green
Peter Adams,Male,Tomscot,Novi Pazar,6926839452481,Garešnica,true,true,94,9544518296347,4405931,10,11,17688723,2011/10/16,2002/07/16,Red
Rebecca Payne,Female,Laurel,Tonota,4119433639944,Lecheng,false,true,35,5253179543598,4811563,8,5584,57826971,1995/12/09,1997/03/27,Khaki
Judith Palmer,Female,Sunnyside,Chenfang,6973348229180,Evxinoúpolis,false,false,3,8219225159892,9433973,4,52,46442765,2014/02/12,2015/08/07,Khaki
Laura Greene,Female,Dennis,Huaniao,6725371563294,Sindou,true,false,18,9879375968057,5308388,5,1853,13615513,1981/06/22,1938/08/23,Pink
Fred Peters,Male,Sherman,Delok,9048486431181,Albacete,false,false,22,7585809702895,8256023,3,063,80118953,2010/02/10,1956/11/11,Pink
Justin Bryant,Male,Golf Course,Bestala,6640945307985,Sotíra,false,true,52,6277679655161,3630461,10,1,77078365,2006/07/03,1939/12/10,Yellow
Alice Mcdonald,Female,Thierer,Inkerman,4063160418283,Sanxi,true,false,93,3102954775215,5532524,3,943,36518013,1969/06/24,1936/02/04,Goldenrod
Kelly Price,Female,Dryden,Vällingby,8283273938793,Tubod,true,false,33,3921295073629,8495266,10,09,59407482,2010/09/13,1943/09/07,Purple
Richard Hawkins,Male,Mitchell,Thành phố Bạc Liêu,5610013975994,Linjiang,false,false,2,6230272287379,8683651,7,47,40253286,1987/02/18,2003/11/08,Blue
Kimberly Banks,Female,Quincy,Arujá,9162916815838,Qingzhou,false,false,50,8696540593365,1727685,6,278,38600951,2015/06/15,1941/11/01,Green
Matthew Burns,Male,Westerfield,Laylay,9447120634904,Qinglong,false,false,28,4633576298801,2659509,7,0,19388507,2009/05/30,2016/06/25,Purple
Richard Crawford,Male,Miller,Futuroscope,9078600425328,Sharga,false,true,99,4712621568385,7051581,8,2486,48853666,1938/06/23,1940/03/14,Pink
Paul Thomas,Male,Arapahoe,Göteborg,6273894073684,Santa Ana,true,false,22,8731588854885,3357429,6,33,99221986,1992/09/23,1936/12/23,Red
Irene White,Female,Portage,Andovoranto,8807432471945,Xinzhuang,false,true,72,8204052319857,2926993,7,0,62078707,1971/04/28,1990/06/04,Khaki
Shawn Murphy,Male,Jenna,Runka,6263300160707,Yunhe,true,false,1,7023439279318,6174135,6,17,20373600,1983/03/14,1947/02/16,Aquamarine
Amy Weaver,Female,Comanche,Tegalgunung,9216491631366,Birzai,false,false,29,4465680106121,7084353,4,61953,46238291,2013/10/03,1958/04/13,Violet
Harry Reed,Male,Hoepker,Xinmin,5555370068084,Xinpu,false,true,12,3841294084310,7286645,1,372,74682097,2015/10/15,1993/08/06,Mauv
Barbara Holmes,Female,Division,Jambeyan,6516475143529,Gjirokastër,false,true,64,9923724271605,1490216,3,3658,98701467,1959/05/08,1962/08/22,Fuscia
Norma Morales,Female,Burning Wood,Kamsack,8058362249329,Prinza,true,false,92,8996141626229,8827327,8,22416,50113526,1986/08/24,1941/07/24,Violet
Walter Carpenter,Male,Roth,Wuppertal,6344224432220,Shibi,true,false,69,6735540764004,3001412,2,48704,23748737,1975/12/05,1970/05/24,Aquamarine
Jerry Gray,Male,Commercial,Ja Ela,6611960589875,Keruguya,false,true,20,3499160554283,3823257,10,76918,39410210,1969/10/09,1944/05/12,Turquoise
Christina Hicks,Female,Rockefeller,Barrouallie,5661756478434,Cergy-Pontoise,false,false,56,5753165622387,6946033,5,678,10280499,1974/08/29,1942/07/26,Goldenrod
Wayne Roberts,Male,Lakewood Gardens,Skomielna Czarna,5318477907141,Dzerzhinsk,true,true,61,6922701024168,9324992,2,6569,57101811,1964/05/30,2006/11/29,Indigo
Richard Ruiz,Male,Calypso,Grand Rapids,9253207495604,Zhanping,false,false,39,3058706479756,9579919,6,6,44614280,1961/08/03,1935/09/10,Green
James Brooks,Male,Village,Maghār,8543551002723,Lukou,false,true,61,5109352480005,8751025,9,52,98831980,1953/08/26,1952/05/29,Puce
Frances Adams,Female,Fordem,Ulaandel,4175663082618,Ungaran,true,true,67,8867262849627,2531144,8,66,20289070,1992/07/03,1988/05/25,Puce
Joseph Richards,Male,Grayhawk,Pompéu,7644861563640,Nesterovskaya,false,true,42,6785051849488,5657834,7,7259,57506816,1931/08/08,1979/06/13,Mauv
Carl Patterson,Male,Paget,Rönninge,7912023853208,Ludwin,true,false,47,3095233882274,7992594,1,49,71960108,1987/10/21,1998/06/06,Red
Katherine Hunter,Female,Merchant,General Vedia,7973198137057,Leeuwarden,false,false,3,6714498994502,5028011,1,14,93302418,1978/01/11,1933/03/17,Khaki
Donald Hansen,Male,Burrows,Dzüünbulag,4711902830272,San Pa Tong,false,false,68,4422249988968,8191112,9,23542,33712414,1945/04/17,1969/05/23,Violet
Teresa Arnold,Female,Dovetail,Mê Linh,4766018450525,Orangeville,true,false,74,6013951642888,5997752,5,92740,78342728,1933/01/18,2002/09/27,Aquamarine
Gary Chapman,Male,Carpenter,Sanlanbahai,6764066906429,Dashi,true,true,83,6224171857481,1438994,10,51681,73457991,1957/02/15,1987/05/29,Mauv
Wanda Williamson,Female,Farwell,Strzyżowice,4243161610867,Agbani,true,false,45,8932858682260,9654947,5,58651,37526288,2003/03/18,1957/01/24,Crimson
Gloria Thompson,Female,Sloan,Polos,9117006491307,Majan,true,true,84,7356847351473,6331588,3,023,51883007,1970/07/20,2014/06/19,Crimson
Annie Moore,Female,Derek,Savannah,4391977391709,Sartana,false,true,14,6508943281397,2121311,2,37648,79318444,1982/07/13,1953/06/18,Blue
Gary Hart,Male,Becker,Ruma,8406266891202,Khvastovichi,true,false,44,5855118664665,1080982,7,88626,37404666,2004/08/19,1946/02/26,Crimson
Louis Howard,Male,Brickson Park,Ropa,6628394777755,Kapenguria,false,true,64,6607302112489,1806377,1,31,84903902,1985/12/31,1994/08/27,Goldenrod
Judy Reed,Female,Aberg,Malbug,4369358395796,Kasaoka,true,true,33,6896955549511,8116134,7,609,38842450,1939/09/02,1975/05/05,Violet
Phillip Knight,Male,Blackbird,Sechelt,4424951781425,El Salitre,false,true,83,4959767549551,3830533,1,222,34102189,1963/05/17,1999/07/31,Red
Nancy Fox,Female,Hayes,Santa Rita do Sapucaí,5101622924509,Paulo Afonso,true,false,36,5773452249181,5024257,6,735,17745151,2012/11/28,2014/08/07,Khaki
Mary Gonzalez,Female,Doe Crossing,Ciudad Ojeda,6858120886846,Tallaght,false,true,17,6692390975837,1653865,10,236,98290754,1992/05/14,1966/01/10,Maroon
Rebecca Berry,Female,Bluejay,Balykchy,5003235927395,Zamoskvorech’ye,false,false,84,7761818993493,8488161,10,51,96857945,1954/10/21,1975/02/26,Blue
Russell Meyer,Male,Longview,Sauga,9881531529028,Las Animas,false,false,20,3758252365486,5677057,3,30292,87723353,1980/11/21,1963/01/13,Green
Joyce Hicks,Female,Northridge,Bacacay,5286013180308,Sihanoukville,false,true,97,7776150444745,8562551,7,063,13597688,1980/06/23,1999/01/17,Red
Ashley Ramos,Female,Rigney,Huazangsi,7792989678173,Mets Parni,true,false,17,5053732291510,4539881,5,608,40847238,1987/03/01,1996/08/03,Goldenrod
Mary Daniels,Female,Ilene,Saint-Marcellin,4916416301908,Eenhana,false,false,37,8721660058223,5477820,9,08,49659378,1983/12/27,1982/03/19,Violet
Brandon Lane,Male,East,Riachão do Jacuípe,5516023369998,Makbon,false,false,61,8954933306644,2514173,2,2329,48622387,1959/08/06,1944/03/01,Violet
Amy Watkins,Female,Shopko,Duantan,6922633788391,Mandangoa,false,false,69,5887078917381,9814571,7,9738,81218174,1999/02/01,1980/11/18,Crimson
Ralph Adams,Male,Pine View,La Palma,5121891267768,Soissons,false,false,1,3620281072467,8610369,8,55322,62830089,2000/11/10,1944/07/11,Khaki
Norma Gutierrez,Female,Dakota,Pagelaran,7169915019558,Ayia Napa,true,false,45,5770534707305,8268727,6,221,91424791,1990/05/15,1980/11/23,Puce
Louis Cooper,Male,Bellgrove,Bełżec,5198791678481,Novoselec,false,false,94,6084586157165,8088080,2,463,94919553,1943/04/14,1931/06/22,Yellow
Brenda Wells,Female,Packers,Ostrožac,4768645210301,Cimaragas,false,false,21,5834670861429,7929812,2,744,88698655,1975/04/16,2015/11/09,Maroon
Jerry Harper,Male,Comanche,Anse Royale,9101071061037,Santa Elena,true,true,63,3824116139844,4331210,2,3,26363146,1942/11/07,1991/06/11,Purple
Lois Sanders,Female,Forest Run,Bílovice,6128810278122,Liangshuijing,true,true,78,5403468072160,9854365,7,56,23173586,1952/02/10,2004/04/06,Pink
Joan Frazier,Female,Thierer,Gaoyi,5088397660665,Shangping,true,false,45,6012284596239,9780782,7,13616,27384204,2003/10/15,1979/08/14,Fuscia
Jessica Robertson,Female,Logan,Juru,7225765209247,Pervoural’sk,true,false,66,5262779559318,2822398,1,22055,20167418,2014/04/06,2014/06/05,Yellow
Julie Phillips,Female,Carioca,Tha Ruea,8507106942713,Gävle,true,true,61,8734647686767,2540554,7,25,23262007,1984/05/31,1938/02/04,Blue
George Young,Male,Elka,Guanshan,7205739116377,Tarikolot,true,false,44,7402507940033,7720990,4,60,56704989,1976/11/10,1957/07/26,Goldenrod
Mildred Ward,Female,Northridge,Conde,6558210204837,Sincé,true,true,14,4320892871603,4742521,4,587,53930301,2004/12/16,1995/02/24,Maroon
Steven Lawrence,Male,New Castle,Kaeng Khro,8182046223824,Mitrofanovka,false,false,23,7753600837321,8072075,9,1400,48636844,1944/10/30,1978/02/24,Indigo
George Nichols,Male,Kropf,San Rafael Oriente,4438661661814,Aragua de Barcelona,false,false,27,9760968592609,6414201,2,92670,97761974,1979/03/06,1964/06/08,Goldenrod
Nicole Gutierrez,Female,Forest Run,Patapan,6965353415535,Prosperous,true,false,19,7010773455096,5688388,2,22588,54771844,1998/01/13,1982/02/06,Red
Katherine Pierce,Female,Carberry,Chuangye,5357985435639,Fuzhuang,false,false,23,5822855815890,1004093,8,2,57573960,1931/02/11,2010/02/21,Violet
Benjamin Boyd,Male,Raven,Wijewo,9375029006461,Brotas,false,false,96,8601702533668,4797774,4,8,57454896,1949/07/15,2012/04/23,Teal
Earl Henderson,Male,5th,Ngroto,6605724603286,Fussa,false,false,69,3414016993305,1201910,1,114,99654002,1942/06/11,1986/02/24,Purple
Scott Lawson,Male,Stoughton,Patiya,6923150622436,Rivne,false,true,7,6927362823126,7751970,10,7343,94628230,2010/06/03,1938/05/05,Puce
John Hamilton,Male,Blaine,Ishurdi,6387067132551,Lazo,false,true,47,4552365951451,4070459,4,4261,50330913,1953/01/17,2011/05/08,Aquamarine
Jane Stephens,Female,Stephen,Westonaria,6327248777271,Racine,false,false,92,3322026616759,4636137,7,24,42286453,1944/01/18,1974/02/09,Green
Craig Nelson,Male,Fairview,Gradizhsk,5329798475667,Guhua,true,true,89,7623286391973,6361199,2,91,69265321,1966/10/11,1955/06/24,Khaki
Joe Hamilton,Male,Drewry,Gugark’,9476890357460,Sumberrejo,false,true,28,4607798187414,9720043,4,88742,40789359,1960/06/03,1975/07/29,Mauv
David Crawford,Male,Comanche,Licheng,4495865435760,Long’anqiao,true,false,87,7731741491592,3921078,8,670,29889275,2004/08/31,1953/06/12,Purple
Christina Parker,Female,Meadow Ridge,Dadu,7828483125125,Nong Khai,false,false,6,8599162024314,1991141,3,00,27622772,1939/11/18,1934/03/23,Mauv
Steve Carter,Male,Cherokee,Granada,4772418135865,Babakantugu,false,true,80,6109601700580,5641489,2,74320,62545774,1990/07/23,1963/01/31,Khaki
Joshua Reed,Male,Lerdahl,Citalahab,6593025845904,Choszczno,true,true,54,3703471404260,3898642,4,5,76174985,1950/04/29,1946/08/29,Yellow
Jose Owens,Male,Ohio,Sakhnīn,4269619723634,Bianzhuang,true,true,71,9192044771459,1980479,8,41,32863614,1936/12/21,1971/07/21,Indigo
Willie Diaz,Male,Hovde,Lingshan,4570166430065,Chřibská,false,true,75,6188803804274,8999223,1,77045,30293640,1947/10/22,2013/05/30,Fuscia
Peter Lawrence,Male,Hagan,Студеничани,5554957382254,Bromma,false,true,100,9559719119926,8809122,1,81,67320092,1937/07/04,1930/06/23,Khaki
Howard Stevens,Male,Delladonna,Lukashin,8827495627813,Cigoong,false,true,53,4632989666202,1312008,7,7463,65489881,1969/02/16,1942/10/03,Green
Joan Long,Female,Weeping Birch,Gaogu,4689039902913,Sebuku,true,true,74,8100070354456,2379263,3,2505,30900642,1949/02/11,1944/06/02,Yellow
Arthur Stevens,Male,Burning Wood,Shepetivka,7172853216769,Taipingying,true,true,31,4111963555286,8268805,7,62,19460156,1937/08/26,1966/06/09,Indigo
Tina Hughes,Female,Burrows,Arjawinangun,9528676119559,Kokar,true,true,97,9273078539306,9285706,5,306,39809704,1982/01/22,1943/06/04,Turquoise
Kimberly Boyd,Female,Kenwood,Sarkand,9620371550751,Huilong,true,true,41,5140323764165,2473843,9,29074,18741906,2012/10/17,1947/12/26,Red
Carolyn Cooper,Female,Buena Vista,Moosomin,9532586673145,Tabiauan,true,false,65,5398484870030,9802743,7,37689,97616907,2008/10/15,1945/03/19,Indigo
Earl Welch,Male,5th,Qilin,9930106755642,Rotunda,false,true,20,7557370843731,5847510,6,36,17126504,1989/08/27,2011/04/30,Teal
Deborah Stone,Female,Northland,Daming,9712030974905,Correntina,true,false,15,3154791048993,3650876,6,139,10024140,2002/03/06,1931/09/03,Teal
Joan Watson,Female,Sauthoff,Yingde’er,8222060413697,Slantsy,false,true,26,4455157104029,6945860,10,69238,17650036,2009/03/27,1961/07/02,Yellow
Ruby Lee,Female,Melby,Dao,6606980364513,Wuxihe,false,true,75,5252215206879,7520942,2,8504,96492546,1959/01/05,1938/11/01,Maroon
Bonnie Baker,Female,6th,Tapiramutá,6953984166389,Panjgūr,false,false,43,7299261709684,5691018,1,7,28756695,1937/04/01,2012/04/12,Teal
Jason West,Male,Talisman,Nová Cerekev,8283486914598,Cambanay,false,true,86,9930011062121,4311491,10,13,35589334,1939/02/05,1972/07/03,Aquamarine
Charles Cooper,Male,Erie,Taavetti,9198994725691,Jirjā,false,false,37,5206923334929,1744233,6,6,52759615,1958/05/09,2003/02/20,Crimson
Cheryl Howell,Female,Marquette,Shaoguan,4414902891651,Kuching,true,true,21,3458751397926,2451675,2,0170,92490643,1934/09/10,1975/11/10,Pink
Eric Palmer,Male,Northridge,Coishco,8203651793578,João Câmara,false,false,24,8380572901938,5744124,7,03373,37371616,1935/03/13,1967/04/19,Yellow
Philip Carter,Male,Summerview,Pul-e Sangī,4286569378716,Ponta Delgada,false,true,81,6919425560886,3170703,4,51738,91968188,1971/05/08,1931/09/10,Pink
Steven Lee,Male,6th,Myanaung,6586578364981,Luleå,false,false,29,9126967262302,4009718,3,7791,44336741,1998/04/21,1949/09/06,Mauv
Laura Mcdonald,Female,Cherokee,Xinning,7936940770108,Magangué,false,false,76,8339622915598,7418393,8,6,94209363,1972/05/05,1993/08/31,Teal
Nicole Taylor,Female,Monterey,Banjar Kajanan,5590418398001,Sastöbe,false,true,91,3497155426330,5265155,6,08,20579504,2002/10/25,1939/02/13,Teal
Karen Morales,Female,Hayes,Martyush,8732745250002,Amparafaravola,false,true,92,3561903889576,7663461,7,0,83843034,1955/05/13,1940/03/13,Fuscia
Charles Ford,Male,Dahle,Aasiaat,9522263765217,Gobernador Ingeniero Valentín Virasoro,false,false,28,7758346700037,7554910,9,03796,84864230,2000/07/01,2006/06/02,Goldenrod
Edward Ortiz,Male,Sutteridge,Shāhīn Shahr,5964792901472,Istres,false,false,11,3916781705996,3874460,2,728,71765820,2003/11/21,1931/04/20,Yellow
Jessica Fox,Female,Lakewood,Al Maḩfid,6014565128156,Astanajapura,true,true,46,8074422762772,5824977,5,909,64764325,1939/10/27,1952/08/17,Red
Kimberly Gardner,Female,Dahle,Qingduizi,9796431299994,'s-Hertogenbosch,true,false,73,4086795271387,4643280,7,6510,75514118,1951/10/27,1944/05/20,Orange
Kelly Anderson,Female,Oxford,Keelung,6823643284315,Baratleke,true,false,16,7254596758220,9978187,1,57,53491343,1989/04/28,1938/02/05,Turquoise
Benjamin Alexander,Male,Clyde Gallagher,Měřín,7580739711425,Trzebieszów,true,true,2,7619214038960,1386268,3,1521,62106851,1957/08/06,1937/06/30,Goldenrod
Anna Carter,Female,Chive,Santyoku,6037806981672,Makurdi,true,true,27,8135205326478,4313727,10,4306,29947133,1945/08/18,1960/05/27,Mauv
Carolyn Jacobs,Female,Hansons,Guandiping,6900815903569,Oni,false,false,70,9324977444326,9424228,10,64904,27811788,1968/05/21,1940/08/15,Puce
Jacqueline Day,Female,Debs,Pervomayskaya,6410779213106,Diyarb Najm,false,false,21,8366649373663,7840524,6,854,36709246,1949/08/16,1951/04/22,Indigo
Carolyn Hicks,Female,Westridge,General Arenales,8647186164508,Laidian,true,true,51,4430879986681,2459275,1,294,13923892,1951/04/29,2015/11/28,Aquamarine
Kelly Little,Female,Thackeray,Koundara,8229958897236,Nowosielce,true,false,86,9524021419418,7205015,8,601,74640264,1964/11/08,1993/10/05,Turquoise
Gary Davis,Male,Pine View,Daja,7858304446393,Miami,true,false,80,9722381554051,9906323,7,449,28299624,1935/07/16,2002/06/02,Yellow
Terry Romero,Male,Dakota,Richmond,6363698534799,Autun,true,true,65,7879879084273,5740054,9,7636,52848032,1978/10/25,2009/11/15,Crimson
Ralph Reyes,Male,Pearson,Kuala Bintang,5373259706565,Dayapan,false,true,76,7302668050205,7006326,10,414,51738249,1937/07/08,1962/09/23,Aquamarine
Frank Alvarez,Male,Lindbergh,Kuantan,8126584812239,Leipzig,true,false,48,6028744749116,5922588,7,4962,93109703,1939/08/07,1956/04/30,Puce
John Allen,Male,Roxbury,Mashan,7034370554316,Trail,true,true,12,4712267658296,2985067,7,94,58346828,1989/09/10,2009/12/04,Aquamarine
Laura Phillips,Female,Straubel,Muramvya,6407895655774,Huilongshan,true,true,25,8093603227174,2845173,10,501,78647044,2005/06/01,1980/04/20,Goldenrod
Sharon Hernandez,Female,Little Fleur,Carrigtwohill,9816052857818,MacArthur,false,true,81,6369068971630,1705192,9,7118,73543854,1940/04/08,1982/12/10,Mauv
Lori Bradley,Female,Fairfield,Sydney,7305544506965,Penisihan,false,false,29,9471207998496,6123274,10,23,21328573,1945/01/16,1979/01/16,Violet
Albert Hawkins,Male,Transport,Chakwāl,5155327924116,Shancheng,false,true,58,6876599223082,7011979,6,06,86753530,1965/01/27,1993/07/02,Teal
Willie Parker,Male,Di Loreto,Tabon,4216420456366,Bentar Girang,true,true,78,3975310265761,6616351,6,04561,43563393,1974/01/29,1966/11/28,Turquoise
Lawrence Hayes,Male,Memorial,Ngangpo,9643365528414,Nguigmi,false,false,40,6864061209158,2731795,8,16,57671209,1940/10/17,1969/11/22,Red
Lori Rivera,Female,Westridge,Wanasari Baleran,6029436254688,Iwakura,true,false,30,5543475902528,4372323,1,7,18750284,1937/05/29,1936/11/17,Indigo
Betty Edwards,Female,Hayes,Cobh,7787857901781,Gandi,true,false,52,7262647228152,7986536,9,8053,67843912,1957/08/19,2008/03/31,Aquamarine
Andrea Mason,Female,Independence,Kudang,8338448930087,Sil-li,false,true,63,5833576359617,4245448,9,2,36407322,2004/05/31,1941/06/27,Khaki
Nancy Alexander,Female,Schlimgen,Phanom Sarakham,5183117960373,San Andres,true,false,81,6818420397419,9849219,10,68446,88700312,1937/05/28,1939/09/24,Violet
Ralph Hart,Male,Kensington,Las Junturas,8267617465062,‘Arīqah,false,true,99,7875614633384,9255286,2,4,83604698,1998/03/29,1951/08/15,Puce
Louis Powell,Male,Londonderry,Mae Sot,6223996404127,Novyy Svit,false,true,35,6818562289970,5511171,6,9242,44105579,1954/12/08,1931/01/06,Crimson
William Burns,Male,Moose,Pukkila,9827350267127,Toulouse,true,true,57,8290667735721,2931809,8,6,20537169,1995/09/28,1975/07/10,Maroon
Dennis Romero,Male,Melby,Himaya,7400250008088,Rila,false,false,58,3699644620836,4836576,6,8,97766154,1938/05/16,1940/05/22,Goldenrod
Ashley Nichols,Female,Eagle Crest,Zhaizigou,5150478089524,Agios Dimitrios,false,false,35,7238601247734,9875607,5,1,85503675,2006/03/04,1954/01/01,Pink
Wanda Kelley,Female,Sunnyside,Kaliprak,5142982822043,Aţ Ţawīlah,false,true,57,5271511137336,2394503,9,16,78719709,1982/03/01,1992/12/05,Violet
Teresa Williams,Female,Coleman,Nariño,8023595816699,Pyatovskiy,false,true,94,7872190092827,7145955,4,7677,91892691,1987/10/19,1965/03/13,Purple
Brandon Moreno,Male,Forest,Minh Lương,9954166873440,Pinhal da Marquesa,false,true,44,7201153763981,8204049,8,1156,12230522,1992/10/13,1973/03/13,Green
Denise Larson,Female,Nova,Opechenskiy Posad,4192238745105,Khayr Kōṯ,false,true,62,5493921673355,5631376,6,14905,10358097,1973/11/16,1966/08/27,Purple
Denise Coleman,Female,Cottonwood,Khudoyelanskoye,9357989300233,Vilémov,false,true,52,6456272086299,4301268,10,5,23974364,1991/09/20,1990/08/29,Khaki
Joyce Turner,Female,Norway Maple,Tenja,9076240176848,Ciudad Tecún Umán,false,false,26,7989325700547,6319309,4,641,96950920,1990/11/26,1947/11/25,Fuscia
Ashley Hall,Female,Helena,Shangyanzhuang,6939682266726,Banjar Desa,true,false,3,4583646421603,4564101,1,611,68596688,2005/12/24,1965/03/31,Fuscia
Peter Webb,Male,Commercial,Richmond,5602420034616,Ashcroft,false,true,72,4426781794540,7975387,2,391,24831298,1995/09/20,2011/02/24,Aquamarine
